compound_id,dose,cl_hepatic,cl_renal,pred_cmax,obs_cmax,ratio,log10_ratio,dose_category,cl_category,cmax_category
Atorvastatin,10.0,0.1773049682378769,0.0591016560792923,2.0,0.008199999999999999,243.90243902439028,2.3872161432802645,<50,<5,<0.01
Rivaroxaban,10.0,0.0072115384973585606,0.0024038462433964014,2.0,0.141,14.184397163120568,1.1518108830086013,<50,<5,0.1-1.0
Metformin,500.0,0.06818182021379471,0.022727273404598236,100.0,1.0,100.0,2.0,200-500,<5,0.1-1.0
Midazolam,5.0,0.04199328273534775,0.013997760601341724,1.1838537454605103,0.0325,36.42626909109262,1.5614146915239016,<50,<5,0.01-0.1
Warfarin,5.0,0.07500000298023224,0.02500000037252903,1.1887794733047485,0.0011,1080.7086120952258,3.0337086123455532,<50,<5,<0.01
Digoxin,0.25,0.00937500037252903,0.0031250000465661287,1.1571629047393799,0.0012,964.30242061615,2.9842132569397157,<50,<5,<0.01
Caffeine,200.0,0.004999999888241291,0.0016666667070239782,40.0,6.5,6.153846153846154,0.7891466346851068,100-200,<5,1.0-10
Ibuprofen,400.0,0.0033333334140479565,0.0011111111380159855,80.0,25.0,3.2,0.505149978319906,200-500,<5,>10
Propranolol,40.0,0.15000000596046448,0.05000000074505806,8.0,0.05,160.0,2.2041199826559246,<50,<5,0.01-0.1
