compound,dose,cl_hepatic,cl_renal,cl_total,kp_mean,kp_min,kp_max,c0_expected,c0_pred,c0_ratio,pred_cmax,obs_cmax,cmax_ratio,pred_auc,obs_auc,auc_ratio
Atorvastatin,10.0,0.1773049682378769,0.0591016560792923,0.2364066243171692,9.428571701049805,1.0,20.0,2.0,2.0,1.0,2.0,0.008199999999999999,243.90243902439028,2.1705217361450195,0.0423,51.31257059444491
Rivaroxaban,10.0,0.0072115384973585606,0.0024038462433964014,0.009615384973585606,1.1708928346633911,0.35249999165534973,2.3499999046325684,2.0,2.0,1.0,2.0,0.141,14.184397163120568,2.2286500930786133,1.04,2.142932781806359
Metformin,500.0,0.06818182021379471,0.022727273404598236,0.09090909361839294,7.019108295440674,1.0,14.850000381469727,100.0,100.0,1.0,100.0,1.0,100.0,7.603963851928711,5.5,1.3825388821688565
Midazolam,5.0,0.04199328273534775,0.013997760601341724,0.0559910424053669,0.16499997675418854,0.029999999329447746,1.0,1.0,1.0,1.0,1.1838537454605103,0.0325,36.42626909109262,2.1417336463928223,0.08929999999999999,23.983579466884912
Warfarin,5.0,0.07500000298023224,0.02500000037252903,0.10000000149011612,0.18839284777641296,0.03750000149011612,1.0,1.0,1.0,1.0,1.188779592514038,0.0011,1080.7087204673073,2.1642329692840576,0.05,43.28465938568115
Digoxin,0.25,0.00937500037252903,0.0031250000465661287,0.012500000186264515,9.428571701049805,1.0,20.0,0.05,0.05000000074505806,1.0,1.1571629047393799,0.0012,964.30242061615,2.059328556060791,0.02,102.96642780303955
Caffeine,200.0,0.004999999888241291,0.0016666667070239782,0.006666666828095913,0.9369643330574036,0.2775000035762787,1.850000023841858,40.0,40.0,1.0,40.0,6.5,6.153846153846154,4.450243949890137,30.0,0.14834146499633788
Ibuprofen,400.0,0.0033333334140479565,0.0011111111380159855,0.004444444552063942,0.23517858982086182,0.05249999836087227,1.0,80.0,80.0,1.0,80.0,25.0,3.2,6.651087760925293,90.0,0.07390097512139214
Propranolol,40.0,0.15000000596046448,0.05000000074505806,0.20000000298023224,6.317322254180908,1.0,13.350000381469727,8.0,8.0,1.0,8.0,0.05,160.0,2.562105178833008,0.2,12.810525894165039
Aspirin,500.0,20.790000915527344,6.929999828338623,27.720001220703125,0.23517858982086182,0.05249999836087227,1.0,100.0,100.0,1.0,100.0,,,7.767869472503662,,
Warfarin,10.0,0.10395000129938126,0.03465000167489052,0.13860000669956207,0.18839284777641296,0.03750000149011612,1.0,2.0,2.0,1.0,2.0,,,2.221086025238037,,
Midazolam,7.5,0.1905750036239624,0.0635249987244606,0.2540999948978424,0.16499997675418854,0.029999999329447746,1.0,1.5,1.5,1.0,1.5,,,2.1713616847991943,,
Digoxin,0.5,7.21875,2.40625,9.625,9.428571701049805,1.0,20.0,0.1,0.10000000149011612,1.0,1.1867507696151733,,,2.13334059715271,,
Caffeine,200.0,4.1579999923706055,1.3860000371932983,5.544000148773193,0.9369643330574036,0.2775000035762787,1.850000023841858,40.0,40.0,1.0,40.0,,,4.492172718048096,,
Metoprolol,100.0,43.064998626708984,14.354999542236328,57.41999816894531,6.785179615020752,1.0,14.350000381469727,20.0,20.0,1.0,20.0,,,3.2140703201293945,,
Propranolol,80.0,35.083126068115234,11.694375038146973,46.77750015258789,6.317322254180908,1.0,13.350000381469727,16.0,16.0,1.0,16.0,,,2.9897665977478027,,
Ibuprofen,400.0,2.598750114440918,0.8662499785423279,3.4650001525878906,0.23517858982086182,0.05249999836087227,1.0,80.0,80.0,1.0,80.0,,,6.676943778991699,,
Diclofenac,50.0,6.06374979019165,2.021250009536743,8.085000038146973,0.32875004410743713,0.08250000327825546,1.0,10.0,10.0,1.0,10.0,,,2.8046960830688477,,
Carbamazepine,200.0,1.9590576887130737,0.6530192494392395,2.612076997756958,2.293750047683716,0.7124999761581421,4.75,40.0,40.0,1.0,40.0,,,4.458596706390381,,
Atenolol,50.0,6.06374979019165,2.021250009536743,8.085000038146973,1.6387498378753662,0.5024999976158142,3.3499999046325684,10.0,10.0,1.0,10.0,,,2.75881290435791,,
Metformin,500.0,31.184999465942383,10.395000457763672,41.58000183105469,7.019108295440674,1.0,14.850000381469727,100.0,100.0,1.0,100.0,,,7.6283698081970215,,
Furosemide,40.0,4.1579999923706055,1.3860000371932983,5.544000148773193,0.2819642424583435,0.06750000268220901,1.0,8.0,8.0,1.0,8.0,,,2.6743128299713135,,
Theophylline,300.0,2.2739062309265137,0.7579687237739563,3.031874895095825,0.8200000524520874,0.23999999463558197,1.600000023841858,60.0,60.0,1.0,60.0,,,5.646711349487305,,
Phenytoin,300.0,1.0631250143051147,0.3543750047683716,1.4175000190734863,1.0539286136627197,0.3149999976158142,2.0999999046325684,60.0,60.0,1.0,60.0,,,5.628268241882324,,
Enalapril,10.0,10.395000457763672,3.4649999141693115,13.860000610351562,0.9369643330574036,0.2775000035762787,1.850000023841858,2.0,2.0,1.0,2.0,,,2.2945756912231445,,
Clopidogrel,75.0,25.987499237060547,8.662500381469727,34.650001525878906,7.019108295440674,1.0,14.850000381469727,15.0,15.0,1.0,15.0,,,2.8867835998535156,,
Simvastatin,20.0,90.95625305175781,30.318750381469727,121.2750015258789,8.188751220703125,1.0,17.350000381469727,4.0,4.0,1.0,4.0,,,2.5222063064575195,,
Amoxicillin,500.0,10.395000457763672,3.4649999141693115,13.860000610351562,0.4691072106361389,0.1274999976158142,1.0,100.0,100.0,1.0,100.0,,,7.824114799499512,,
Omeprazole,20.0,12.993749618530273,4.331250190734863,17.325000762939453,0.5860714912414551,0.16500000655651093,1.100000023841858,4.0,4.0,1.0,4.0,,,2.3911001682281494,,
Fluoxetine,20.0,10.828125,3.609375,14.4375,9.428571701049805,1.0,20.0,4.0,4.0,1.0,4.0,,,2.319308280944824,,
Sertraline,50.0,27.98653793334961,9.328845977783203,37.31538391113281,9.428571701049805,1.0,20.0,10.0,10.0,1.0,10.0,,,2.626070499420166,,
Paroxetine,20.0,27.225000381469727,9.074999809265137,36.29999923706055,9.428571701049805,1.0,20.0,4.0,4.0,1.0,4.0,,,2.3266894817352295,,
Citalopram,20.0,14.850000381469727,4.949999809265137,19.799999237060547,9.428571701049805,1.0,20.0,4.0,4.0,1.0,4.0,,,2.2942159175872803,,
Escitalopram,10.0,16.170000076293945,5.389999866485596,21.559999465942383,9.428571701049805,1.0,20.0,2.0,2.0,1.0,2.0,,,2.1932754516601562,,
Venlafaxine,75.0,50.93550109863281,16.978500366210938,67.91400146484375,9.428571701049805,1.0,20.0,15.0,15.0,1.0,15.0,,,2.9771792888641357,,
Duloxetine,60.0,71.03250122070312,23.677499771118164,94.70999908447266,9.428571701049805,1.0,20.0,12.0,12.0,1.0,12.0,,,2.896595001220703,,
Desvenlafaxine,50.0,19.844999313354492,6.614999771118164,26.459999084472656,9.428571701049805,1.0,20.0,10.0,10.0,1.0,10.0,,,2.5959863662719727,,
Amitriptyline,50.0,29.106000900268555,9.70199966430664,38.80799865722656,9.428571701049805,1.0,20.0,10.0,10.0,1.0,10.0,,,2.6312389373779297,,
Nortriptyline,25.0,24.131250381469727,8.043749809265137,32.17499923706055,9.428571701049805,1.0,20.0,5.0,5.0,1.0,5.0,,,2.36480450630188,,
Mirtazapine,30.0,24.904687881469727,8.301562309265137,33.20624923706055,9.428571701049805,1.0,20.0,6.0,6.0,1.0,6.0,,,2.416646957397461,,
Alprazolam,1.0,6.06374979019165,2.021250009536743,8.085000038146973,3.276250123977661,1.0,6.849999904632568,0.2,0.20000000298023224,1.0,1.1980690956115723,,,2.192847490310669,,
Lorazepam,2.0,3.6382501125335693,1.21274995803833,4.85099983215332,2.293750047683716,0.7124999761581421,4.75,0.4,0.4000000059604645,1.0,1.1812379360198975,,,2.1812777519226074,,
Zolpidem,10.0,13.993268966674805,4.664422988891602,18.657691955566406,1.6387498378753662,0.5024999976158142,3.3499999046325684,2.0,2.0,1.0,2.0,,,2.258732557296753,,
Risperidone,2.0,18.19124984741211,6.06374979019165,24.2549991607666,2.4574999809265137,0.7649999856948853,5.099999904632568,0.4,0.4000000059604645,1.0,1.1083669662475586,,,2.178312301635742,,
Olanzapine,10.0,22.049999237060547,7.349999904632568,29.399999618530273,9.428571701049805,1.0,20.0,2.0,2.0,1.0,2.0,,,2.2099804878234863,,
Lamotrigine,100.0,1.7563965320587158,0.5854654908180237,2.3418619632720947,2.293750047683716,0.7124999761581421,4.75,20.0,20.0,1.0,20.0,,,3.2956702709198,,
Valproic Acid,500.0,0.3465000092983246,0.11550000309944153,0.4620000123977661,0.23517858982086182,0.05249999836087227,1.0,100.0,100.0,1.0,100.0,,,7.665505409240723,,
Methylphenidate,20.0,47.81700134277344,15.939000129699707,63.75600051879883,5.381607532501221,1.0,11.350000381469727,4.0,4.0,1.0,4.0,,,2.446683406829834,,
Atomoxetine,40.0,9.49543285369873,3.165144205093384,12.660576820373535,2.2235710620880127,0.6899999976158142,4.599999904632568,8.0,8.0,1.0,8.0,,,2.6182479858398438,,
Morphine,30.0,58.21200180053711,19.40399932861328,77.61599731445312,6.551250457763672,1.0,13.850000381469727,6.0,6.0,1.0,6.0,,,2.565758228302002,,
Oxycodone,20.0,41.58000183105469,13.859999656677246,55.44000244140625,6.551250457763672,1.0,13.850000381469727,4.0,4.0,1.0,4.0,,,2.4177465438842773,,
Tramadol,100.0,28.875,9.625,38.5,8.188751220703125,1.0,17.350000381469727,20.0,20.0,1.0,20.0,,,3.1263070106506348,,
Rivaroxaban,20.0,4.547812461853027,1.5159374475479126,6.06374979019165,1.6387498378753662,0.5024999976158142,3.3499999046325684,4.0,4.0,1.0,4.0,,,2.4014129638671875,,
Apixaban,5.0,1.21274995803833,0.40424999594688416,1.6169999837875366,0.65625,0.1875,1.25,1.0,1.0,1.0,1.1925597190856934,,,2.206571102142334,,
Diltiazem,60.0,37.743751525878906,12.581250190734863,50.32500076293945,7.136072635650635,1.0,15.100000381469727,12.0,12.0,1.0,12.0,,,2.7970690727233887,,
Amlodipine,5.0,20.790000915527344,6.929999828338623,27.720001220703125,9.428571701049805,1.0,20.0,1.0,1.0,1.0,1.0841889381408691,,,2.156278610229492,,
Gentamicin,240.0,3.783780097961426,1.2612600326538086,5.045040130615234,0.4270000159740448,0.11400000005960464,1.0,48.0,48.0,1.0,48.0,,,5.005611419677734,,
Paclitaxel,175.0,8.739500045776367,2.9131667613983154,11.652667045593262,5.311428070068359,1.0,11.199999809265137,35.0,35.0,1.0,35.0,,,4.150486946105957,,
Doxorubicin,60.0,35.51625061035156,11.838749885559082,47.35499954223633,9.428571701049805,1.0,20.0,12.0,12.0,1.0,12.0,,,2.762871742248535,,
Imatinib,400.0,12.560625076293945,4.186874866485596,16.747499465942383,9.428571701049805,1.0,20.0,80.0,80.0,1.0,80.0,,,6.6651787757873535,,
Tacrolimus,5.0,28.47519302368164,9.491730690002441,37.966922760009766,9.428571701049805,1.0,20.0,1.0,1.0,1.0,1.1007906198501587,,,2.183460235595703,,
Cyclosporine,300.0,24.935625076293945,8.311875343322754,33.247501373291016,9.428571701049805,1.0,20.0,60.0,60.0,1.0,60.0,,,5.359007835388184,,
Cn1c(=O)c2c(ncn2C)n(C)c1=O,100.0,0.0668250024318695,0.02227500081062317,0.08910000324249268,0.16499997675418854,0.029999999329447746,1.0,20.0,20.0,1.0,20.0,,,3.2574143409729004,,
CC(=O)Nc1ccc(O)cc1,100.0,0.2079000025987625,0.06930000334978104,0.27720001339912415,0.16499997675418854,0.029999999329447746,1.0,20.0,20.0,1.0,20.0,,,3.258706569671631,,
N#Cc1ccc(C(c2ccc(C#N)cc2)n2cncn2)cc1,100.0,0.02194499969482422,0.007315000053495169,0.029260000213980675,0.16499997675418854,0.029999999329447746,1.0,20.0,20.0,1.0,20.0,,,3.2570204734802246,,
Cc1cc(=O)n(-c2ccccc2)n1C,100.0,0.0333506241440773,0.01111687533557415,0.0444675013422966,0.16499997675418854,0.029999999329447746,1.0,20.0,20.0,1.0,20.0,,,3.2571210861206055,,
O=C1CN=C(c2ccccc2Cl)c2cc([N+](=O)[O-])ccc2N1,100.0,0.03966513276100159,0.013221710920333862,0.05288684368133545,0.16499997675418854,0.029999999329447746,1.0,20.0,20.0,1.0,20.0,,,3.257176399230957,,
COc1cc2nc(N3CCN(C(=O)C4CCCO4)CC3)nc(N)c2cc1OC,100.0,0.05659500136971474,0.01886500045657158,0.07546000182628632,0.16499997675418854,0.029999999329447746,1.0,20.0,20.0,1.0,20.0,,,3.257324695587158,,
Cc1ncc([N+](=O)[O-])n1CCO,100.0,0.02928169071674347,0.009760563261806965,0.03904225304722786,0.16499997675418854,0.029999999329447746,1.0,20.0,20.0,1.0,20.0,,,3.2570853233337402,,
CNC1=Nc2ccc(Cl)cc2C(c2ccccc2)=[N+]([O-])C1,100.0,0.015655120834708214,0.005218373611569405,0.02087349444627762,0.16499997675418854,0.029999999329447746,1.0,20.0,20.0,1.0,20.0,,,3.2569642066955566,,
CN1C(=O)CN=C(c2ccccc2)c2cc(Cl)ccc21,100.0,0.012374999932944775,0.004124999977648258,0.016499999910593033,0.16499997675418854,0.029999999329447746,1.0,20.0,20.0,1.0,20.0,,,3.2569351196289062,,
Cc1nnc2n1-c1ccc(Cl)cc1C(c1ccccc1)=NC2,100.0,0.03465000167489052,0.011549999937415123,0.04619999974966049,0.16499997675418854,0.029999999329447746,1.0,20.0,20.0,1.0,20.0,,,3.2571325302124023,,
O=c1n(CCCN2CCN(c3cccc(Cl)c3)CC2)nc2ccccn12,100.0,0.037023287266492844,0.012341096065938473,0.04936438426375389,0.16499997675418854,0.029999999329447746,1.0,20.0,20.0,1.0,20.0,,,3.257153034210205,,
CC(=O)CCCCn1c(=O)c2c(ncn2C)n(C)c1=O,100.0,0.7796249985694885,0.25987499952316284,1.0394999980926514,0.16499997675418854,0.029999999329447746,1.0,20.0,20.0,1.0,20.0,,,3.263969898223877,,
CCCc1cc(=O)[nH]c(=S)[nH]1,100.0,0.13593462109565735,0.04531153663992882,0.18124616146087646,0.16499997675418854,0.029999999329447746,1.0,20.0,20.0,1.0,20.0,,,3.2580301761627197,,
O=C1Nc2ccc(Cl)cc2C(c2ccccc2Cl)=NC1O,100.0,0.03974558785557747,0.01324852928519249,0.05299411714076996,0.16499997675418854,0.029999999329447746,1.0,20.0,20.0,1.0,20.0,,,3.2571768760681152,,
CCOc1ccc(NC(C)=O)cc1,100.0,0.7909238934516907,0.2636412978172302,1.054565191268921,0.16499997675418854,0.029999999329447746,1.0,20.0,20.0,1.0,20.0,,,3.2640857696533203,,
COc1cc(Cc2cnc(N)nc2N)cc(OC)c1OC,100.0,0.08121094107627869,0.027070311829447746,0.10828125476837158,0.16499997675418854,0.029999999329447746,1.0,20.0,20.0,1.0,20.0,,,3.257542133331299,,
Nc1cc(-c2ccncc2)c[nH]c1=O,100.0,0.33783748745918274,0.11261250078678131,0.45045000314712524,0.16499997675418854,0.029999999329447746,1.0,20.0,20.0,1.0,20.0,,,3.2598977088928223,,
COc1ccc(Cc2nccc3cc(OC)c(OC)cc23)cc1OC,100.0,0.2887499928474426,0.09624999761581421,0.38499999046325684,0.16499997675418854,0.029999999329447746,1.0,20.0,20.0,1.0,20.0,,,3.2594618797302246,,
CCOC(=O)c1ncn2c1CN(C)C(=O)c1cc(F)ccc1-2,100.0,0.5330769419670105,0.17769230902194977,0.7107692360877991,0.16499997675418854,0.029999999329447746,1.0,20.0,20.0,1.0,20.0,,,3.2616171836853027,,
CN1C(=O)CN=C(c2ccccc2F)c2cc([N+](=O)[O-])ccc21,100.0,0.03950100019574165,0.013167000375688076,0.052668001502752304,0.16499997675418854,0.029999999329447746,1.0,20.0,20.0,1.0,20.0,,,3.257174491882324,,
NNC(=O)c1ccncc1,100.0,0.4261949956417084,0.14206500351428986,0.5682600140571594,0.16499997675418854,0.029999999329447746,1.0,20.0,20.0,1.0,20.0,,,3.2606821060180664,,
Cc1ccccc1N1C(=O)c2cc(S(N)(=O)=O)c(Cl)cc2NC1C,100.0,0.04157999902963638,0.013860000297427177,0.05544000118970871,0.16499997675418854,0.029999999329447746,1.0,20.0,20.0,1.0,20.0,,,3.2571933269500732,,
Cn1cc[nH]c1=S,100.0,0.18624374270439148,0.06208125129342079,0.24832499027252197,0.16499997675418854,0.029999999329447746,1.0,20.0,20.0,1.0,20.0,,,3.258497714996338,,
Cc1ccc(-c2nc3ccc(C)cn3c2CC(=O)N(C)C)cc1,100.0,0.16509705781936646,0.05503235384821892,0.22012941539287567,0.16499997675418854,0.029999999329447746,1.0,20.0,20.0,1.0,20.0,,,3.25829815864563,,
CCOC(=O)C1=C(C)NC(C)=C(C(=O)OC)C1c1cccc([N+](=O)[O-])c1,100.0,0.38664329051971436,0.12888109683990479,0.5155243873596191,0.16499997675418854,0.029999999329447746,1.0,20.0,20.0,1.0,20.0,,,3.260334014892578,,
Carvedilol,25.0,85.38749694824219,28.462499618530273,113.8499984741211,9.428571701049805,1.0,20.0,5.0,5.0,1.0,5.0,,,2.556528329849243,,
Lisinopril,10.0,3.2484374046325684,1.0828125476837158,4.331250190734863,1.7557140588760376,0.5400000214576721,3.5999999046325684,2.0,2.0,1.0,2.0,,,2.2697060108184814,,
Losartan,50.0,8.835749626159668,2.9452500343322754,11.781000137329102,0.7966070771217346,0.23250000178813934,1.5499999523162842,10.0,10.0,1.0,10.0,,,2.7553861141204834,,
Celecoxib,200.0,18.899999618530273,6.300000190734863,25.200000762939453,9.358393669128418,1.0,19.850000381469727,40.0,40.0,1.0,40.0,,,4.180645942687988,,
Naproxen,500.0,0.3465000092983246,0.11550000309944153,0.4620000123977661,0.23517858982086182,0.05249999836087227,1.0,100.0,100.0,1.0,100.0,,,7.665505409240723,,
Indomethacin,25.0,1.3860000371932983,0.4620000123977661,1.8480000495910645,0.2819642424583435,0.06750000268220901,1.0,5.0,5.0,1.0,5.0,,,2.4631831645965576,,
Ketorolac,10.0,1.351349949836731,0.45045000314712524,1.801800012588501,0.3053571581840515,0.07500000298023224,1.0,2.0,2.0,1.0,2.0,,,2.2871439456939697,,
Codeine,30.0,39.84749984741211,13.282500267028809,53.130001068115234,5.381607532501221,1.0,11.350000381469727,6.0,6.0,1.0,6.0,,,2.5195350646972656,,
Fentanyl,0.10000000149011612,51.974998474121094,17.325000762939453,69.30000305175781,8.188751220703125,1.0,17.350000381469727,0.02,0.019999999552965164,1.0,1.1939542293548584,,,2.2341055870056152,,
Ciprofloxacin,500.0,22.739063262939453,7.579687595367432,30.318750381469727,4.09499979019165,1.0,8.600000381469727,100.0,100.0,1.0,100.0,,,7.716044902801514,,
Levofloxacin,500.0,6.410250186920166,2.1367499828338623,8.54699993133545,1.7323213815689087,0.5325000286102295,3.549999952316284,100.0,100.0,1.0,100.0,,,7.683302402496338,,
Moxifloxacin,400.0,6.06374979019165,2.021250009536743,8.085000038146973,3.276250123977661,1.0,6.849999904632568,80.0,80.0,1.0,80.0,,,6.662383556365967,,
Doxycycline,100.0,1.443750023841858,0.48124998807907104,1.9249999523162842,1.1708928346633911,0.35249999165534973,2.3499999046325684,20.0,20.0,1.0,20.0,,,3.303544282913208,,
Clarithromycin,500.0,25.363800048828125,8.45460033416748,33.81840133666992,5.709107398986816,1.0,12.050000190734863,100.0,100.0,1.0,100.0,,,7.6863298416137695,,
Metronidazole,500.0,3.3783750534057617,1.1261249780654907,4.504499912261963,1.2176786661148071,0.3675000071525574,2.450000047683716,100.0,100.0,1.0,100.0,,,7.671466827392578,,
Cephalexin,500.0,9.355500221252441,3.118499994277954,12.473999977111816,0.42232146859169006,0.11249999701976776,1.0,100.0,100.0,1.0,100.0,,,7.8305182456970215,,
Cefuroxime,250.0,7.19653844833374,2.39884614944458,9.59538459777832,0.42232146859169006,0.11249999701976776,1.0,50.0,50.0,1.0,50.0,,,5.157468795776367,,
Acebutolol,400.0,25.987499237060547,8.662500381469727,34.650001525878906,3.510178327560425,1.0,7.349999904632568,80.0,80.0,1.0,80.0,,,6.600844860076904,,
Amiodarone,200.0,1.443750023841858,0.48124998807907104,1.9249999523162842,9.428571701049805,1.0,20.0,40.0,40.0,1.0,40.0,,,4.393608570098877,,
Bisoprolol,10.0,10.867500305175781,3.622499942779541,14.489999771118164,5.381607532501221,1.0,11.350000381469727,2.0,2.0,1.0,2.0,,,2.2579572200775146,,
Captopril,25.0,14.812874794006348,4.937624931335449,19.750499725341797,1.334643006324768,0.4050000011920929,2.700000047683716,5.0,5.0,1.0,5.0,,,2.4155733585357666,,
Candesartan,8.0,0.5197499990463257,0.1732500046491623,0.6930000185966492,0.21178574860095978,0.04500000178813934,1.0,1.6,1.600000023841858,1.0,1.600000023841858,,,2.2211427688598633,,
Clonidine,0.20000000298023224,6.496874809265137,2.1656250953674316,8.662500381469727,3.510178327560425,1.0,7.349999904632568,0.04,0.03999999910593033,1.0,1.199927568435669,,,2.185495376586914,,
Doxazosin,4.0,1.653749942779541,0.5512499809265137,2.2049999237060547,1.6387498378753662,0.5024999976158142,3.3499999046325684,0.8,0.800000011920929,1.0,1.185869574546814,,,2.180776834487915,,
Felodipine,5.0,33.07500076293945,11.024999618530273,44.099998474121094,9.428571701049805,1.0,20.0,1.0,1.0,1.0,1.1179109811782837,,,2.2052385807037354,,
Irbesartan,150.0,1.9676250219345093,0.655875027179718,2.623500108718872,1.2410714626312256,0.375,2.5,30.0,30.0,1.0,30.0,,,3.8710803985595703,,
Ampicillin,500.0,10.395000457763672,3.4649999141693115,13.860000610351562,0.4691072106361389,0.1274999976158142,1.0,100.0,100.0,1.0,100.0,,,7.824114799499512,,
Cefaclor,250.0,13.859999656677246,4.619999885559082,18.479999542236328,0.4691072106361389,0.1274999976158142,1.0,50.0,50.0,1.0,50.0,,,5.082196235656738,,
Cefixime,400.0,2.2274999618530273,0.7425000071525574,2.9700000286102295,0.35214290022850037,0.09000000357627869,1.0,80.0,80.0,1.0,80.0,,,6.694619655609131,,
Clindamycin,300.0,12.473999977111816,4.1579999923706055,16.631999969482422,1.4048212766647339,0.42750000953674316,2.8499999046325684,60.0,60.0,1.0,60.0,,,5.657747268676758,,
Erythromycin,500.0,19.0575008392334,6.352499961853027,25.40999984741211,1.2878570556640625,0.38999998569488525,2.5999999046325684,100.0,100.0,1.0,100.0,,,7.7564873695373535,,
Imipenem,500.0,7.796249866485596,2.598750114440918,10.395000457763672,0.35214290022850037,0.09000000357627869,1.0,100.0,100.0,1.0,100.0,,,7.750418186187744,,
Norfloxacin,400.0,25.987499237060547,8.662500381469727,34.650001525878906,4.09499979019165,1.0,8.600000381469727,80.0,80.0,1.0,80.0,,,6.59805965423584,,
Clomipramine,75.0,19.490625381469727,6.496874809265137,25.987499237060547,9.428571701049805,1.0,20.0,15.0,15.0,1.0,15.0,,,2.8414838314056396,,
Doxepin,75.0,39.74558639526367,13.248529434204102,52.994117736816406,9.428571701049805,1.0,20.0,15.0,15.0,1.0,15.0,,,2.9324913024902344,,
Fluvoxamine,100.0,48.5099983215332,16.170000076293945,64.68000030517578,9.428571701049805,1.0,20.0,20.0,20.0,1.0,20.0,,,3.206430196762085,,
Glipizide,5.0,1.6334999799728394,0.5444999933242798,2.177999973297119,0.25857144594192505,0.05999999865889549,1.0,1.0,1.0,1.0,1.198039174079895,,,2.2260680198669434,,
Glyburide,5.0,0.6756749749183655,0.22522500157356262,0.9009000062942505,0.3053571581840515,0.07500000298023224,1.0,1.0,1.0,1.0,1.197794795036316,,,2.219104766845703,,
Pioglitazone,30.0,5.544000148773193,1.8480000495910645,7.392000198364258,1.4983928203582764,0.45750001072883606,3.049999952316284,6.0,6.0,1.0,6.0,,,2.528346538543701,,
Sitagliptin,100.0,8.232839584350586,2.7442800998687744,10.977119445800781,4.633036136627197,1.0,9.75,20.0,20.0,1.0,20.0,,,3.2816109657287598,,
Levothyroxine,0.10000000149011612,0.030937500298023224,0.010312500409781933,0.04125000163912773,0.23517858982086182,0.05249999836087227,1.0,0.02,0.019999999552965164,1.0,1.1863856315612793,,,2.1381819248199463,,
Etodolac,400.0,1.7077499628067017,0.5692499876022339,2.2769999504089355,0.5392857193946838,0.15000000596046448,1.0,80.0,80.0,1.0,80.0,,,6.673564434051514,,
