compound_id,dose,cl_hepatic,cl_renal,pred_cmax,obs_cmax,residual_cmax,residual_cmax_pct,residual_cmax_log,pred_auc,obs_auc,residual_auc,residual_auc_pct,residual_auc_log
Atorvastatin,10.0,0.1773049682378769,0.0591016560792923,2.0,0.008199999999999999,1.9918,24290.243902439026,2.3872161432802645,2.1705217361450195,0.0423,2.1282217361450195,5031.257059444491,1.710223771954513
Rivaroxaban,10.0,0.0072115384973585606,0.0024038462433964014,2.0,0.141,1.859,1318.4397163120568,1.1518108830086013,2.2286500930786133,1.04,1.1886500930786132,114.29327818063588,0.3310085485740624
Metformin,500.0,0.06818182021379471,0.022727273404598236,100.0,1.0,99.0,9900.0,2.0,7.603963851928711,5.5,2.103963851928711,38.25388821688565,0.14067735413508908
Midazolam,5.0,0.04199328273534775,0.013997760601341724,1.1838537454605103,0.0325,1.1513537454605103,3542.626909109262,1.5614146915239016,2.1417341232299805,0.08929999999999999,2.0524341232299803,2298.3584806606723,1.3799140972520199
Warfarin,5.0,0.07500000298023224,0.02500000037252903,1.1887794733047485,0.0011,1.1876794733047484,107970.86120952258,3.0337086123455532,2.1642332077026367,0.05,2.114233207702637,4228.466415405273,1.6363340521731071
Digoxin,0.25,0.00937500037252903,0.0031250000465661287,1.1571629047393799,0.0012,1.1559629047393798,96330.24206161499,2.9842132569397157,2.059328317642212,0.02,2.039328317642212,10196.64158821106,2.0126955958173194
Caffeine,200.0,0.004999999888241291,0.0016666667070239782,40.0,6.5,33.5,515.3846153846155,0.7891466346851067,4.450243949890137,30.0,-25.549756050109863,-85.16585350036621,-0.8287374362809194
Ibuprofen,400.0,0.0033333334140479565,0.0011111111380159855,80.0,25.0,55.0,220.00000000000003,0.5051499783199058,6.651087760925293,90.0,-83.3489122390747,-92.60990248786078,-1.1313498310632824
Propranolol,40.0,0.15000000596046448,0.05000000074505806,8.0,0.05,7.95,15900.0,2.204119982655925,2.562105655670166,0.2,2.362105655670166,1181.0528278350828,1.1075670394747443
Aspirin,500.0,20.790000915527344,6.929999828338623,,,,,,,,,,
Warfarin,10.0,0.10395000129938126,0.03465000167489052,,,,,,,,,,
Midazolam,7.5,0.1905750036239624,0.0635249987244606,,,,,,,,,,
Digoxin,0.5,7.21875,2.40625,,,,,,,,,,
Caffeine,200.0,4.1579999923706055,1.3860000371932983,,,,,,,,,,
Metoprolol,100.0,43.064998626708984,14.354999542236328,,,,,,,,,,
Propranolol,80.0,35.083126068115234,11.694375038146973,,,,,,,,,,
Ibuprofen,400.0,2.598750114440918,0.8662499785423279,,,,,,,,,,
Diclofenac,50.0,6.06374979019165,2.021250009536743,,,,,,,,,,
Carbamazepine,200.0,1.9590576887130737,0.6530192494392395,,,,,,,,,,
Atenolol,50.0,6.06374979019165,2.021250009536743,,,,,,,,,,
Metformin,500.0,31.184999465942383,10.395000457763672,,,,,,,,,,
Furosemide,40.0,4.1579999923706055,1.3860000371932983,,,,,,,,,,
Theophylline,300.0,2.2739062309265137,0.7579687237739563,,,,,,,,,,
Phenytoin,300.0,1.0631250143051147,0.3543750047683716,,,,,,,,,,
Enalapril,10.0,10.395000457763672,3.4649999141693115,,,,,,,,,,
Clopidogrel,75.0,25.987499237060547,8.662500381469727,,,,,,,,,,
Simvastatin,20.0,90.95625305175781,30.318750381469727,,,,,,,,,,
Amoxicillin,500.0,10.395000457763672,3.4649999141693115,,,,,,,,,,
Omeprazole,20.0,12.993749618530273,4.331250190734863,,,,,,,,,,
Fluoxetine,20.0,10.828125,3.609375,,,,,,,,,,
Sertraline,50.0,27.98653793334961,9.328845977783203,,,,,,,,,,
Paroxetine,20.0,27.225000381469727,9.074999809265137,,,,,,,,,,
Citalopram,20.0,14.850000381469727,4.949999809265137,,,,,,,,,,
Escitalopram,10.0,16.170000076293945,5.389999866485596,,,,,,,,,,
Venlafaxine,75.0,50.93550109863281,16.978500366210938,,,,,,,,,,
Duloxetine,60.0,71.03250122070312,23.677499771118164,,,,,,,,,,
Desvenlafaxine,50.0,19.844999313354492,6.614999771118164,,,,,,,,,,
Amitriptyline,50.0,29.106000900268555,9.70199966430664,,,,,,,,,,
Nortriptyline,25.0,24.131250381469727,8.043749809265137,,,,,,,,,,
Mirtazapine,30.0,24.904687881469727,8.301562309265137,,,,,,,,,,
Alprazolam,1.0,6.06374979019165,2.021250009536743,,,,,,,,,,
Lorazepam,2.0,3.6382501125335693,1.21274995803833,,,,,,,,,,
Zolpidem,10.0,13.993268966674805,4.664422988891602,,,,,,,,,,
Risperidone,2.0,18.19124984741211,6.06374979019165,,,,,,,,,,
Olanzapine,10.0,22.049999237060547,7.349999904632568,,,,,,,,,,
Lamotrigine,100.0,1.7563965320587158,0.5854654908180237,,,,,,,,,,
Valproic Acid,500.0,0.3465000092983246,0.11550000309944153,,,,,,,,,,
Methylphenidate,20.0,47.81700134277344,15.939000129699707,,,,,,,,,,
Atomoxetine,40.0,9.49543285369873,3.165144205093384,,,,,,,,,,
Morphine,30.0,58.21200180053711,19.40399932861328,,,,,,,,,,
Oxycodone,20.0,41.58000183105469,13.859999656677246,,,,,,,,,,
Tramadol,100.0,28.875,9.625,,,,,,,,,,
Rivaroxaban,20.0,4.547812461853027,1.5159374475479126,,,,,,,,,,
Apixaban,5.0,1.21274995803833,0.40424999594688416,,,,,,,,,,
Diltiazem,60.0,37.743751525878906,12.581250190734863,,,,,,,,,,
Amlodipine,5.0,20.790000915527344,6.929999828338623,,,,,,,,,,
Gentamicin,240.0,3.783780097961426,1.2612600326538086,,,,,,,,,,
Paclitaxel,175.0,8.739500045776367,2.9131667613983154,,,,,,,,,,
Doxorubicin,60.0,35.51625061035156,11.838749885559082,,,,,,,,,,
Imatinib,400.0,12.560625076293945,4.186874866485596,,,,,,,,,,
Tacrolimus,5.0,28.47519302368164,9.491730690002441,,,,,,,,,,
Cyclosporine,300.0,24.935625076293945,8.311875343322754,,,,,,,,,,
Cn1c(=O)c2c(ncn2C)n(C)c1=O,100.0,0.0668250024318695,0.02227500081062317,,,,,,,,,,
CC(=O)Nc1ccc(O)cc1,100.0,0.2079000025987625,0.06930000334978104,,,,,,,,,,
N#Cc1ccc(C(c2ccc(C#N)cc2)n2cncn2)cc1,100.0,0.02194499969482422,0.007315000053495169,,,,,,,,,,
Cc1cc(=O)n(-c2ccccc2)n1C,100.0,0.0333506241440773,0.01111687533557415,,,,,,,,,,
O=C1CN=C(c2ccccc2Cl)c2cc([N+](=O)[O-])ccc2N1,100.0,0.03966513276100159,0.013221710920333862,,,,,,,,,,
COc1cc2nc(N3CCN(C(=O)C4CCCO4)CC3)nc(N)c2cc1OC,100.0,0.05659500136971474,0.01886500045657158,,,,,,,,,,
Cc1ncc([N+](=O)[O-])n1CCO,100.0,0.02928169071674347,0.009760563261806965,,,,,,,,,,
CNC1=Nc2ccc(Cl)cc2C(c2ccccc2)=[N+]([O-])C1,100.0,0.015655120834708214,0.005218373611569405,,,,,,,,,,
CN1C(=O)CN=C(c2ccccc2)c2cc(Cl)ccc21,100.0,0.012374999932944775,0.004124999977648258,,,,,,,,,,
Cc1nnc2n1-c1ccc(Cl)cc1C(c1ccccc1)=NC2,100.0,0.03465000167489052,0.011549999937415123,,,,,,,,,,
O=c1n(CCCN2CCN(c3cccc(Cl)c3)CC2)nc2ccccn12,100.0,0.037023287266492844,0.012341096065938473,,,,,,,,,,
CC(=O)CCCCn1c(=O)c2c(ncn2C)n(C)c1=O,100.0,0.7796249985694885,0.25987499952316284,,,,,,,,,,
CCCc1cc(=O)[nH]c(=S)[nH]1,100.0,0.13593462109565735,0.04531153663992882,,,,,,,,,,
O=C1Nc2ccc(Cl)cc2C(c2ccccc2Cl)=NC1O,100.0,0.03974558785557747,0.01324852928519249,,,,,,,,,,
CCOc1ccc(NC(C)=O)cc1,100.0,0.7909238934516907,0.2636412978172302,,,,,,,,,,
COc1cc(Cc2cnc(N)nc2N)cc(OC)c1OC,100.0,0.08121094107627869,0.027070311829447746,,,,,,,,,,
Nc1cc(-c2ccncc2)c[nH]c1=O,100.0,0.33783748745918274,0.11261250078678131,,,,,,,,,,
COc1ccc(Cc2nccc3cc(OC)c(OC)cc23)cc1OC,100.0,0.2887499928474426,0.09624999761581421,,,,,,,,,,
CCOC(=O)c1ncn2c1CN(C)C(=O)c1cc(F)ccc1-2,100.0,0.5330769419670105,0.17769230902194977,,,,,,,,,,
CN1C(=O)CN=C(c2ccccc2F)c2cc([N+](=O)[O-])ccc21,100.0,0.03950100019574165,0.013167000375688076,,,,,,,,,,
NNC(=O)c1ccncc1,100.0,0.4261949956417084,0.14206500351428986,,,,,,,,,,
Cc1ccccc1N1C(=O)c2cc(S(N)(=O)=O)c(Cl)cc2NC1C,100.0,0.04157999902963638,0.013860000297427177,,,,,,,,,,
Cn1cc[nH]c1=S,100.0,0.18624374270439148,0.06208125129342079,,,,,,,,,,
Cc1ccc(-c2nc3ccc(C)cn3c2CC(=O)N(C)C)cc1,100.0,0.16509705781936646,0.05503235384821892,,,,,,,,,,
CCOC(=O)C1=C(C)NC(C)=C(C(=O)OC)C1c1cccc([N+](=O)[O-])c1,100.0,0.38664329051971436,0.12888109683990479,,,,,,,,,,
Carvedilol,25.0,85.38749694824219,28.462499618530273,,,,,,,,,,
Lisinopril,10.0,3.2484374046325684,1.0828125476837158,,,,,,,,,,
Losartan,50.0,8.835749626159668,2.9452500343322754,,,,,,,,,,
Celecoxib,200.0,18.899999618530273,6.300000190734863,,,,,,,,,,
Naproxen,500.0,0.3465000092983246,0.11550000309944153,,,,,,,,,,
Indomethacin,25.0,1.3860000371932983,0.4620000123977661,,,,,,,,,,
Ketorolac,10.0,1.351349949836731,0.45045000314712524,,,,,,,,,,
Codeine,30.0,39.84749984741211,13.282500267028809,,,,,,,,,,
Fentanyl,0.10000000149011612,51.974998474121094,17.325000762939453,,,,,,,,,,
Ciprofloxacin,500.0,22.739063262939453,7.579687595367432,,,,,,,,,,
Levofloxacin,500.0,6.410250186920166,2.1367499828338623,,,,,,,,,,
Moxifloxacin,400.0,6.06374979019165,2.021250009536743,,,,,,,,,,
Doxycycline,100.0,1.443750023841858,0.48124998807907104,,,,,,,,,,
Clarithromycin,500.0,25.363800048828125,8.45460033416748,,,,,,,,,,
Metronidazole,500.0,3.3783750534057617,1.1261249780654907,,,,,,,,,,
Cephalexin,500.0,9.355500221252441,3.118499994277954,,,,,,,,,,
Cefuroxime,250.0,7.19653844833374,2.39884614944458,,,,,,,,,,
Acebutolol,400.0,25.987499237060547,8.662500381469727,,,,,,,,,,
Amiodarone,200.0,1.443750023841858,0.48124998807907104,,,,,,,,,,
Bisoprolol,10.0,10.867500305175781,3.622499942779541,,,,,,,,,,
Captopril,25.0,14.812874794006348,4.937624931335449,,,,,,,,,,
Candesartan,8.0,0.5197499990463257,0.1732500046491623,,,,,,,,,,
Clonidine,0.20000000298023224,6.496874809265137,2.1656250953674316,,,,,,,,,,
Doxazosin,4.0,1.653749942779541,0.5512499809265137,,,,,,,,,,
Felodipine,5.0,33.07500076293945,11.024999618530273,,,,,,,,,,
Irbesartan,150.0,1.9676250219345093,0.655875027179718,,,,,,,,,,
Ampicillin,500.0,10.395000457763672,3.4649999141693115,,,,,,,,,,
Cefaclor,250.0,13.859999656677246,4.619999885559082,,,,,,,,,,
Cefixime,400.0,2.2274999618530273,0.7425000071525574,,,,,,,,,,
Clindamycin,300.0,12.473999977111816,4.1579999923706055,,,,,,,,,,
Erythromycin,500.0,19.0575008392334,6.352499961853027,,,,,,,,,,
Imipenem,500.0,7.796249866485596,2.598750114440918,,,,,,,,,,
Norfloxacin,400.0,25.987499237060547,8.662500381469727,,,,,,,,,,
Clomipramine,75.0,19.490625381469727,6.496874809265137,,,,,,,,,,
Doxepin,75.0,39.74558639526367,13.248529434204102,,,,,,,,,,
Fluvoxamine,100.0,48.5099983215332,16.170000076293945,,,,,,,,,,
Glipizide,5.0,1.6334999799728394,0.5444999933242798,,,,,,,,,,
Glyburide,5.0,0.6756749749183655,0.22522500157356262,,,,,,,,,,
Pioglitazone,30.0,5.544000148773193,1.8480000495910645,,,,,,,,,,
Sitagliptin,100.0,8.232839584350586,2.7442800998687744,,,,,,,,,,
Levothyroxine,0.10000000149011612,0.030937500298023224,0.010312500409781933,,,,,,,,,,
Etodolac,400.0,1.7077499628067017,0.5692499876022339,,,,,,,,,,
